iter,epoch,loss,loss_cls,loss_bbox,lr,grad_norm,time,data_time
25,1,2.7301600313186647,1.1587525224685669,1.5714075112342833,5.271084337349398e-05,10.410616607666016,0.8110925388336182,0.023887434005737306
50,1,2.6924217891693116,1.1106288814544678,1.5817929053306579,0.00010240963855421679,10.760696725845337,0.8283976364135742,0.02433943748474121
75,1,2.3874580454826355,0.9598722183704376,1.4275858283042908,0.00015210843373493965,12.430234451293945,0.9853859567642211,0.025390267372131348
100,1,1.892596616744995,0.7667145597934723,1.1258820652961732,0.00020180722891566266,13.043293008804321,0.792597942352295,0.023680243492126465
125,1,1.533175300359726,0.5931251496076584,0.940050157904625,0.00025150602409638545,12.58729881286621,0.6628051471710205,0.05655071258544922
150,1,1.3280999398231506,0.4599440962076187,0.8681558412313461,0.00030120481927710846,12.476705169677734,0.7907745456695556,0.05669512271881103
175,1,1.1818610751628875,0.39514781087636947,0.7867132610082627,0.00035090361445783147,11.843751440048218,0.6823640060424805,0.021842021942138672
200,1,1.1616495990753173,0.43275671869516374,0.7288928872346878,0.00040060240963855464,13.546055774688721,0.6897942018508911,0.015435562133789063
225,1,1.1355931484699249,0.41939025700092314,0.7162028956413269,0.0004503012048192776,12.76514051437378,0.7422964811325073,0.03883726119995117
250,1,1.0942108809947968,0.355970584154129,0.7382402965426444,0.0005000000000000003,11.269889240264893,0.7193693733215332,0.04702530860900879
275,1,1.1851174604892731,0.3576654976606369,0.8274519646167755,0.0005000000000000003,13.16258996963501,0.6749282503128051,0.025236263275146484
300,1,1.1336352300643922,0.3278481441736221,0.8057870888710021,0.0005000000000000003,12.760878047943116,0.7286610031127929,0.16441227436065675
325,1,1.0577350330352784,0.31029604345560075,0.7474389907717705,0.0005000000000000003,12.397774972915649,0.7619250679016113,0.18724178314208983
350,1,1.0752302712202073,0.3142227524518967,0.7610075235366821,0.0005000000000000003,12.705752010345458,0.7754416227340698,0.04902636528015137
375,1,1.0074581438302994,0.3062043130397797,0.701253832578659,0.0005000000000000003,11.008766059875489,1.015218915939331,0.030224575996398925
400,1,1.0271265012025834,0.3092638191580772,0.7178626783192158,0.0005000000000000003,10.551989226341247,1.5650091409683227,0.17878652095794678
425,1,1.0927433502674102,0.32510828286409377,0.7676350654661656,0.0005000000000000003,11.699050402641296,2.5669066381454466,0.2702030849456787
450,1,1.0945385527610778,0.36157374680042265,0.7329648071527481,0.0005000000000000003,14.690418810844422,3.5198087596893313,-0.010328273773193359
475,1,1.1444093185663222,0.34584045469760893,0.7985688680410385,0.0005000000000000003,16.040362153053284,3.115912561416626,-0.09046396732330322
500,1,1.1069335252046586,0.2939917902648449,0.8129417356848717,0.0005000000000000003,11.771248655319214,2.407246732711792,-0.09195218086242676
525,1,0.9196402698755264,0.2744693823158741,0.6451708841323852,0.0005000000000000003,8.78090154647827,2.3267169761657716,-0.030287113189697266
550,1,0.8651484900712967,0.30036258906126023,0.5647859013080597,0.0005000000000000003,9.772015066146851,2.165151572227478,0.11544454097747803
575,1,0.9246456235647201,0.3205826096236706,0.6040630173683167,0.0005000000000000003,9.682173953056335,2.2686398649215698,0.062211713790893554
600,1,0.9141698920726776,0.299843240827322,0.6143266502022743,0.0005000000000000003,8.239739308357239,1.8865585374832152,0.054471006393432615
625,1,1.0680811926722527,0.32643415629863737,0.7416470348834991,0.0005000000000000003,13.177106714248657,1.3160519552230836,0.05698276042938232
650,1,1.1901377263665198,0.38150564074516297,0.8086320766806603,0.0005000000000000003,17.21032964706421,0.9457169294357299,0.0535388708114624
675,1,1.0167033565044403,0.34568963438272476,0.6710137146711349,0.0005000000000000003,12.50544514656067,0.7342747974395752,0.029619998931884765
700,1,0.9427384197711944,0.2939910659193993,0.6487473571300506,0.0005000000000000003,9.947261610031127,0.8705810499191284,0.028994941711425783
725,1,0.8727356162667275,0.26766558691859244,0.6050700283050537,0.0005000000000000003,9.723392834663391,0.8958263683319092,0.06067711353302002
750,1,0.7767443773150444,0.24652596905827523,0.5302184092998504,0.0005000000000000003,8.123756747245789,0.8866749334335328,0.06062101364135742
775,1,0.9110640966892243,0.28404564142227173,0.627018455862999,0.0005000000000000003,9.075870923995971,0.8412265682220459,0.16522816181182862
800,1,0.9296693313121795,0.2872382652759552,0.6424310630559922,0.0005000000000000003,9.79260275363922,0.8556916284561157,0.16569589614868163
825,1,0.8596067422628403,0.26090501993894577,0.5987017220258712,0.0005000000000000003,9.113468971252441,0.8800538635253906,0.06404805660247803
850,1,0.8165983361005783,0.2565317276120186,0.5600666043162346,0.0005000000000000003,8.3272314786911,0.9150633049011231,0.06525328159332275
875,1,0.8152952754497528,0.265612805634737,0.5496824657917023,0.0005000000000000003,7.640471992492675,0.8640253639221191,0.16697335243225098
900,1,0.9190916413068771,0.2727945224940777,0.6462971183657646,0.0005000000000000003,8.53659372329712,0.7777099990844727,0.16532628059387208
925,1,0.8691261124610901,0.258921295106411,0.6102048170566559,0.0005000000000000003,8.296805348396301,0.8319872522354126,0.05918227672576904
950,1,0.7642676612734794,0.24996592253446578,0.5143017408251762,0.0005000000000000003,7.396630778312683,0.8191441583633423,0.0585481595993042
975,1,0.7895256981253624,0.2490098272264004,0.5405158740282059,0.0005000000000000003,8.029022898674011,0.7815314722061157,0.027855405807495116
1000,1,0.809097130894661,0.229293565005064,0.5798035654425621,0.0005000000000000003,7.356975092887878,0.8116976308822632,0.028068666458129884
1025,1,0.8744481188058854,0.24752684578299522,0.626921269595623,0.0005000000000000003,8.968607387542725,0.8265627193450927,0.06203399658203125
1050,1,0.9482714104652404,0.269313799738884,0.6789576074481011,0.0005000000000000003,10.83102345943451,1.0593856191635131,0.06605557441711425
1075,1,0.8651795476675034,0.24359650745987893,0.6215830352902413,0.0005000000000000003,8.742971491813659,1.0503150177001954,0.031968178749084475
1100,1,0.8700593841075898,0.25799552008509635,0.6120638558268547,0.0005000000000000003,8.191442852020264,0.8074123287200927,-0.11947792053222656
1125,1,0.9677746880054474,0.27535474866628645,0.6924199315905571,0.0005000000000000003,8.490684909820557,0.8328722763061523,-0.08421741962432862
1150,1,0.9107904571294785,0.25231260418891904,0.6584778502583504,0.0005000000000000003,8.159423851966858,0.831199107170105,-0.08374311447143555
1175,1,0.7641201055049897,0.2180656512826681,0.5460544574260712,0.0005000000000000003,7.166758284568787,0.7769567346572877,-0.1199512529373169
1200,1,0.8182073432207108,0.23503363698720933,0.5831737050414085,0.0005000000000000003,7.350054159164428,0.7506028127670288,0.027315053939819336
1225,1,0.8600408333539963,0.2704353741556406,0.5896054545044899,0.0005000000000000003,7.6473920536041256,0.7967741346359253,0.1952286958694458
1250,1,0.7726196146011353,0.248004999011755,0.5246146133542061,0.0005000000000000003,8.130701694488526,0.8176198101043701,0.1951884126663208
1275,1,0.8344658887386323,0.24604059919714927,0.5884252884984016,0.0005000000000000003,9.477124795913696,0.7660744667053223,0.02771904945373535
1300,1,0.8285019713640213,0.28446084856987,0.5440411177277565,0.0005000000000000003,8.861630148887635,0.7987313556671143,0.027307314872741698
1325,1,0.7893270289897919,0.28227855198085305,0.5070484694838524,0.0005000000000000003,8.50824369430542,0.8227189397811889,0.05834812164306641
1350,1,0.7827066978812218,0.23629445001482963,0.5464122459292412,0.0005000000000000003,8.013390250205994,0.8071795606613159,-0.08905149459838867
1375,1,0.8056008374691009,0.23818759091198444,0.5674132433533668,0.0005000000000000003,7.454134731292725,0.7832458209991455,-0.12041019439697266
1400,1,0.7874976074695588,0.22804150260984898,0.55945610165596,0.0005000000000000003,7.595135498046875,0.8767620992660522,0.028512954711914062
1425,1,0.7575750121474266,0.23118740938603877,0.5263876008987427,0.0005000000000000003,7.802006483078003,0.968392071723938,0.06397689819335937
1450,1,0.7767458575963974,0.25951093204319475,0.5172349241375923,0.0005000000000000003,7.590273780822754,0.9869034194946289,0.06398847579956055
1475,1,0.7785266453027725,0.24195878334343435,0.5365678624808788,0.0005000000000000003,7.1273384952545165,1.0696821737289428,0.029086995124816894
1500,1,0.8498735010623932,0.26251664131879804,0.5873568572103978,0.0005000000000000003,9.353667221069337,0.9038982439041138,0.029505672454833983
1525,1,0.8923606303334236,0.2687213487923145,0.6236392778158187,0.0005000000000000003,9.74370544910431,0.6967680931091309,0.18203707218170165
1550,1,0.8970926097035408,0.2493930707871914,0.647699536383152,0.0005000000000000003,8.559366211891174,0.9136018896102905,0.18391496181488037
1575,1,0.8986297053098679,0.2552552103996277,0.6433744949102401,0.0005000000000000003,8.527075071334838,1.3868146181106566,0.04058217048645019
1600,1,0.7838543504476547,0.24278468742966652,0.5410696640610695,0.0005000000000000003,7.0804853343963625,1.7771033906936646,0.1864090871810913
1625,1,0.6932743191719055,0.23052966065704822,0.46274465799331665,0.0005000000000000003,6.785899820327759,1.9665165424346924,0.2549770021438599
1650,1,0.7308527427911758,0.2550019558519125,0.47585078597068786,0.0005000000000000003,7.226007494926453,1.842787628173828,0.11652679920196533
1675,1,0.7295519191026688,0.24521253287792205,0.4843393862247467,0.0005000000000000003,7.412767066955566,1.7388108825683595,0.04953036785125733
1700,1,0.7998424518108368,0.23471741899847984,0.565125030875206,0.0005000000000000003,8.051677856445313,1.9446039056777955,0.04976070404052734
1725,1,0.9607420712709427,0.3820005041360855,0.5787415638566017,0.0005000000000000003,14.161060099601746,2.2283352708816526,0.2722922372817993
1750,1,0.9090636146068573,0.365506784543395,0.5435568305850029,0.0005000000000000003,13.58493709564209,1.7302755069732667,0.12025307655334473
1775,1,0.7780917087197303,0.2225227963924408,0.5555689099431038,0.0005000000000000003,6.941505551338196,0.9491291856765747,-0.1121380853652954
1800,1,0.7984378683567047,0.2422200008481741,0.5562178671360016,0.0005000000000000003,6.7402912664413455,0.7996960353851318,-0.11793662071228027
1825,1,0.7907344588637352,0.25920255795121194,0.5315319052338601,0.0005000000000000003,7.307160701751709,1.01202645778656,-0.09366601467132568
1850,1,0.8361638879776001,0.2548057711869478,0.5813581159710884,0.0005000000000000003,8.453820462226867,1.3157815837860107,-0.08654572963714599
1875,1,0.8773776721954346,0.26033930994570254,0.6170383590459824,0.0005000000000000003,8.689340500831603,1.1676555347442628,-0.109402494430542
1900,1,0.7522294408082962,0.23630077347159387,0.5159286656975746,0.0005000000000000003,7.414737000465393,0.9899835634231567,0.03285280704498291
1925,1,0.7097116875648498,0.21277624160051345,0.49693545073270795,0.0005000000000000003,6.804117646217346,1.396103858947754,-0.08273553371429443
1950,1,0.7349522149562836,0.2350278927385807,0.49992432951927185,0.0005000000000000003,6.750436754226684,1.4240965127944947,-0.08264675617218017
1975,1,0.7481981772184372,0.254053391367197,0.4941447874903679,0.0005000000000000003,7.642617826461792,1.0924334859848022,0.03298442363739014
2000,1,0.820692909359932,0.2604653733968735,0.5602275374531746,0.0005000000000000003,8.192152252197266,1.200980134010315,0.03368594169616699
2025,1,0.7654279124736786,0.2517660251259804,0.5136618861556053,0.0005000000000000003,7.219951505661011,1.4747131538391114,-0.06944738864898682
2050,1,0.7331702294945717,0.24689971119165421,0.48627051323652265,0.0005000000000000003,8.241177015304565,1.3377036094665526,-0.06987271308898926
2075,1,0.8049509771168232,0.23570333141833544,0.5692476427555084,0.0005000000000000003,8.191440007686616,1.0261643362045287,0.034069981575012204
2100,1,0.7824693556129932,0.22217490065842868,0.5602944573760033,0.0005000000000000003,6.4850368857383724,1.0656137657165528,0.03610679149627685
2125,1,0.7590908163785934,0.23037816949188708,0.528712649345398,0.0005000000000000003,6.62256085395813,1.911241316795349,0.11047758579254151
2150,1,0.8521177113056183,0.25951038047671315,0.5926073302328586,0.0005000000000000003,7.563588061332703,1.863557677268982,0.24463700771331787
2175,1,0.9035659620165825,0.2620516228675842,0.6415143372118473,0.0005000000000000003,7.860244965553283,0.9202066802978516,0.019699196815490722
2200,1,0.8069225823879242,0.23042830660939218,0.5764942735433578,0.0005000000000000003,7.701936845779419,0.9874245119094849,-0.26608800888061523
2225,1,0.807430517077446,0.2323458828777075,0.5750846335291863,0.0005000000000000003,7.841091437339783,0.8532434511184692,-0.2456166172027588
2250,1,0.869330007135868,0.2373196704685688,0.6320103394985199,0.0005000000000000003,7.5359373378753665,0.693668475151062,-0.09851823806762695
2275,1,0.7800604698061943,0.21372356228530406,0.566336916834116,0.0005000000000000003,6.8542528295516965,0.7478917121887207,0.027458786964416504
2300,1,0.6801264959573746,0.21523973725736142,0.4648867605626583,0.0005000000000000003,6.835384783744812,0.7631918573379517,0.02825620651245117
2325,1,0.696136009991169,0.2342184428870678,0.46191756397485734,0.0005000000000000003,6.7884929609298705,0.7937421464920044,0.05255790233612061
2350,1,0.7669807258248329,0.22117039002478123,0.5458103373646737,0.0005000000000000003,7.08346173286438,0.8454527139663697,0.1904083299636841
2375,1,0.8002711796760559,0.20663131058216094,0.5936398673057556,0.0005000000000000003,6.996884226799011,1.0823160934448242,0.16853826999664306
2400,1,0.7627092599868774,0.21596470952033997,0.5467445501685142,0.0005000000000000003,6.726291661262512,1.0150103330612184,0.02953977108001709
2425,1,0.7030236902832985,0.20372243836522103,0.49930125623941424,0.0005000000000000003,6.821083021163941,2.0029888200759887,1.2350827693939208
2450,1,0.7241490641236306,0.1969595567137003,0.5271895071864128,0.0005000000000000003,6.855051259994507,1.9514278507232665,1.2351467609405518
2475,1,0.7537087768316268,0.2189287120103836,0.5347800621390343,0.0005000000000000003,6.500720105171204,0.7016999387741089,0.027292046546936035
2500,1,0.7491220229864121,0.21437580913305282,0.5347462138533592,0.0005000000000000003,6.8054321765899655,0.6732825326919556,0.16477092742919922
2525,1,0.8049641481041908,0.22413020953536034,0.5808339366316795,0.0005000000000000003,7.685691413879394,0.6917558574676513,0.3325080442428589
2550,1,0.8025901448726654,0.2438610180467367,0.5587291264533997,0.0005000000000000003,7.338500633239746,0.7143083381652832,0.1942755889892578
2575,1,0.8071844556927681,0.24473370902240277,0.5624507492780686,0.0005000000000000003,6.929332504272461,0.6812779760360718,0.16432836532592773
2600,1,0.8465519335865974,0.2505411060154438,0.5960108292102814,0.0005000000000000003,6.619815535545349,0.7113844203948975,0.16521256446838378
2625,1,0.8162227335572243,0.24418334648013115,0.5720393881201744,0.0005000000000000003,6.788446173667908,0.9428106117248535,0.04714746952056885
2650,1,0.8429162663221359,0.238610030785203,0.6043062311410904,0.0005000000000000003,7.382588663101196,1.1521459007263184,0.050365443229675295
2675,1,0.8319961950182915,0.24872864253818988,0.5832675498723984,0.0005000000000000003,7.303649435043335,1.1715310001373291,-0.40512848377227784
2700,1,0.8385425415635109,0.2446426810324192,0.5938998575508595,0.0005000000000000003,6.729745273590088,1.026843500137329,-0.2716077899932861
2725,1,0.9637770181894303,0.2660970188304782,0.6976799930632115,0.0005000000000000003,9.073341794013977,0.9000267791748047,0.1956743812561035
2750,1,0.8771296674013138,0.26223604824393987,0.6148936167359352,0.0005000000000000003,8.754104385375976,0.8378556299209595,0.19615127563476562
2775,1,0.7671341222524642,0.2150593725591898,0.5520747449994087,0.0005000000000000003,6.6181724071502686,0.8493432760238647,0.3042354249954224
2800,1,0.7738188314437866,0.22060353018343448,0.553215298652649,0.0005000000000000003,7.403745317459107,0.8447122955322266,0.16759897708892824
2825,1,0.7597866845130921,0.23364565931260586,0.5261410269141197,0.0005000000000000003,7.194871473312378,0.8396984481811524,0.06252334594726562
2850,1,0.8495469862222671,0.24160971432924272,0.6079372683167458,0.0005000000000000003,7.242441220283508,0.880110239982605,0.2002931499481201
2875,1,0.7888913476467132,0.24070146530866623,0.5481898759305477,0.0005000000000000003,6.375565214157104,1.0301409721374513,0.16905878543853758
2900,1,0.710957510471344,0.23659119933843611,0.4743663103878498,0.0005000000000000003,6.144478554725647,1.3423405504226684,0.03400354385375977
2925,1,0.8086835581064225,0.23357856795191764,0.5751049906015396,0.0005000000000000003,7.05047908782959,1.3335551452636718,-0.08587820529937744
2950,1,0.7886846339702607,0.2309150592237711,0.557769573032856,0.0005000000000000003,6.829845805168151,1.2372791862487793,-0.08409885883331299
2975,1,0.732263491153717,0.21250412430614232,0.5197593694925309,0.0005000000000000003,6.695436539649964,1.2990733194351196,0.039366025924682614
3000,1,0.7553051164746285,0.2119793813303113,0.5433257374167443,0.0005000000000000003,7.338000135421753,1.1371426916122436,0.03490761280059815
3025,1,0.8189482179284095,0.24261660642921926,0.5763316121697426,0.0005000000000000003,7.994726977348328,0.9666719102859497,0.0609747314453125
3050,1,0.8167868784070015,0.2312404592335224,0.5855464214086532,0.0005000000000000003,7.356326060295105,0.9207968282699585,0.06059325218200683
3075,1,0.7670567911863327,0.22796859443187714,0.5390881961584091,0.0005000000000000003,6.574644575119018,0.8968296241760254,0.16484991550445557
3100,1,0.754351794719696,0.2562056862562895,0.498146106004715,0.0005000000000000003,6.344712896347046,0.9016910362243652,0.16575855255126953
3125,1,0.7706806096434593,0.24798954531550407,0.5226910638809205,0.0005000000000000003,6.31651255607605,0.7699224710464477,0.05642289638519287
3150,1,0.7764962697029114,0.2123115472495556,0.5641847203671932,0.0005000000000000003,6.238843665122986,0.7787852716445923,0.053320488929748534
3175,1,0.7529825475811959,0.2171031317487359,0.5358794111013413,0.0005000000000000003,6.643582634925842,109.72661142349243,0.4119451141357422
3200,1,0.7878635868430137,0.22800343576818705,0.5598601453006268,0.0005000000000000003,7.335603194236755,109.644974899292,0.4143674850463867
3225,1,0.7637165389955044,0.2117241827957332,0.5519923543930054,0.0005000000000000003,6.423819832801819,14.726871538162232,0.12909785270690918
3250,1,0.6563938026130199,0.1954206778667867,0.4609731242060661,0.0005000000000000003,5.702178902626038,14.77863938331604,0.2663400602340698
3275,1,0.7011885353922844,0.21858296371996402,0.4826055696606636,0.0005000000000000003,6.646005086898803,0.8283172607421875,0.16671913146972656
3300,1,0.6821612247824669,0.2062087859213352,0.4759524390101433,0.0005000000000000003,6.269434657096863,0.7909028244018554,0.02962573528289795
3325,1,0.6572047954797745,0.19065408751368523,0.4665507119894028,0.0005000000000000003,5.728760623931885,0.903143367767334,0.19462650299072265
3350,1,0.8322185832262039,0.23450956381857396,0.5977090241014957,0.0005000000000000003,7.01871570110321,0.901824460029602,0.043627352714538575
3375,1,0.8324283808469772,0.2350323174148798,0.5973960636556148,0.0005000000000000003,7.291693959236145,0.7567265033721924,-0.12303469657897949
3400,1,0.7892199313640594,0.2332544483989477,0.5559654840826989,0.0005000000000000003,6.965045099258423,0.9696505784988403,0.029217567443847656
3425,1,0.8425522825121879,0.23808918021619319,0.6044631022214889,0.0005000000000000003,7.177502508163452,1.0737465333938598,0.061252593994140625
3450,1,0.8087721735239028,0.23268117122352122,0.5760910013318061,0.0005000000000000003,7.284776496887207,0.8679943227767944,0.20206530570983885
3475,1,0.7551991873979569,0.21711787238717078,0.5380813170969486,0.0005000000000000003,6.675897879600525,0.7359951066970826,0.16973377704620363
3500,1,0.8160493674874306,0.21052209109067918,0.6055272780358791,0.0005000000000000003,6.573346004486084,0.7291511249542236,0.0267118501663208
3525,1,0.8413136756420135,0.2181594617664814,0.6231542149186134,0.0005000000000000003,6.998894124031067,0.950903811454773,0.20258838653564454
3550,1,0.8040879422426224,0.23133277751505374,0.5727551683783532,0.0005000000000000003,7.331881432533264,0.9538866138458252,0.20221010208129883
3575,1,0.8109513080120087,0.24081739939749242,0.5701339094340802,0.0005000000000000003,7.198704333305359,0.7560016584396362,0.02729502201080322
3600,1,0.739138444364071,0.22216577909886837,0.5169726626574993,0.0005000000000000003,6.280811128616333,0.7626895713806152,0.16884960651397704
3625,1,0.7179310590028762,0.22820088684558867,0.4897301697731018,0.0005000000000000003,6.548317861557007,0.8244176244735718,0.19592721462249757
3650,1,0.7918952921032906,0.23532516382634638,0.5565701285004616,0.0005000000000000003,7.3791309309005735,0.8686634588241577,0.05723228454589844
3675,1,0.8077007097005844,0.2351880495250225,0.5725126650929451,0.0005000000000000003,7.243896083831787,0.8185879373550415,0.029612135887145997
3700,1,0.7382894533872605,0.2223541485518217,0.5159353065490723,0.0005000000000000003,6.358115925788879,0.7816562747955322,0.026881499290466307
3725,1,0.7330470275878906,0.2189030546694994,0.5141439679265022,0.0005000000000000003,6.665049881935119,0.7756205177307129,0.05923274040222168
3750,1,0.7308305487036705,0.22741579681634902,0.5034147471189498,0.0005000000000000003,6.202553153038025,0.7478897666931152,0.057573347091674804
3775,1,0.7846977141499519,0.2269044364988804,0.5577932779490947,0.0005000000000000003,6.090731840133667,0.6860794067382813,0.024755678176879882
3800,1,0.917937833070755,0.2593404769897461,0.6585973639786243,0.0005000000000000003,7.903482418060303,0.6628347253799438,0.02525320053100586
3825,1,0.8306511747837066,0.24460765793919564,0.5860435210168362,0.0005000000000000003,7.861487555503845,0.7131951522827148,-0.09829089164733887
3850,1,0.7561379224061966,0.22608854368329048,0.5300493796169757,0.0005000000000000003,6.832767243385315,0.6961498880386352,-0.09786515712738036
3875,1,0.8138518247008324,0.23418993793427945,0.5796618889272213,0.0005000000000000003,6.563649625778198,0.6642797470092774,0.02517627239227295
3900,1,0.8128506299853325,0.22355011872947217,0.5893005104362965,0.0005000000000000003,6.2155939388275145,0.6960712432861328,0.025419340133666993
3925,1,0.7300048500299454,0.21559840217232704,0.5144064481556415,0.0005000000000000003,5.759469294548035,0.7260048198699951,0.0521550989151001
3950,1,0.7387260106205941,0.23896704740822317,0.4997589622437954,0.0005000000000000003,6.91535496711731,0.7638532495498658,0.052075343132019045
3975,1,0.8193555656075477,0.242470368668437,0.5768851973116398,0.0005000000000000003,7.37803524017334,0.798277735710144,0.02657895565032959
4000,1,0.7568278259038925,0.21431827276945115,0.5425095562636852,0.0005000000000000003,6.249479718208313,0.9201035356521606,0.0288916015625
4025,1,0.7168578892946244,0.23091553822159766,0.4859423527121544,0.0005000000000000003,6.292168803215027,0.9567615032196045,0.059687042236328126
4050,1,0.7863177552819252,0.25681532733142376,0.5295024278759957,0.0005000000000000003,7.024071974754333,0.910715537071228,0.061079392433166506
4075,1,0.877923595905304,0.290878463126719,0.5870451301336288,0.0005000000000000003,10.085018825531005,0.9155222654342652,0.17238444805145264
4100,1,0.8019730469584465,0.26708229910582304,0.5348907440900803,0.0005000000000000003,9.342229919433594,0.8756442070007324,0.020236296653747557
4125,1,0.71449512809515,0.21711866669356822,0.49737646758556364,0.0005000000000000003,6.061119914054871,0.9252664470672607,-0.10108489990234375
4150,1,0.768053203523159,0.21504443045705557,0.5530087783932686,0.0005000000000000003,6.342341403961182,0.9992934465408325,0.05117032051086426
4175,1,0.776239604651928,0.23714900478720666,0.5390906009078026,0.0005000000000000003,6.294130096435547,0.9902169609069824,0.022301959991455077
4200,1,0.735600551366806,0.22699713375419378,0.508603421151638,0.0005000000000000003,5.509419374465942,1.2148993635177612,0.022198758125305175
4225,1,0.7885487988591194,0.22071425780653953,0.5678345423936844,0.0005000000000000003,5.724551148414612,1.116485595703125,0.05826249122619629
4250,1,0.780057275891304,0.23886558070778846,0.5411916978657245,0.0005000000000000003,6.3697907876968385,0.847546591758728,-0.09353135585784912
4275,1,0.714745617210865,0.21782192297279834,0.4969236961007118,0.0005000000000000003,6.804420866966248,0.9006395101547241,-0.11940194129943847
4300,1,0.768760680258274,0.20791482605040074,0.5608458530902862,0.0005000000000000003,7.181879458427429,0.868641128540039,0.03073406219482422
4325,1,0.6943308353424072,0.18656790513545274,0.5077629281580448,0.0005000000000000003,5.993489985466003,0.8739426755905151,0.06866314888000488
4350,1,0.7433012759685517,0.24965026590973138,0.49365100979804993,0.0005000000000000003,7.963884682655334,0.889422459602356,0.06770534992218018
4375,1,0.8582250910997391,0.29407323226332666,0.5641518577933311,0.0005000000000000003,8.710320343971253,0.8891162967681885,0.029794836044311525
4400,1,0.7660799448192119,0.24111075401306153,0.5249691867828369,0.0005000000000000003,6.927575287818908,0.9295072937011719,0.022185392379760742
4425,1,0.7179307152330875,0.22520438566803933,0.49272632241249087,0.0005000000000000003,6.986551456451416,0.9996982860565186,0.061916136741638185
4450,1,0.6594430866837502,0.2060632674396038,0.45337981402873995,0.0005000000000000003,6.007876954078674,0.9469921493530273,0.07050580978393554
4475,1,0.6140616580843925,0.20180868707597255,0.41225296959280966,0.0005000000000000003,5.902822184562683,0.9205912923812867,0.031118392944335938
4500,1,0.6825633504986763,0.20988858699798585,0.4726747666299343,0.0005000000000000003,6.055820956230163,0.9269569587707519,0.03129508018493652
4525,1,0.6419478848576545,0.1913576951995492,0.4505901938676834,0.0005000000000000003,5.372622094154358,0.9049973249435425,0.05342655181884766
4550,1,0.5785081213712693,0.1773241326585412,0.40118398815393447,0.0005000000000000003,5.124374794960022,0.9342305707931519,0.05449866771697998
4575,1,0.5967242261767387,0.17710482332855462,0.41961940467357633,0.0005000000000000003,5.196696343421936,0.8912603378295898,0.03037623882293701
4600,1,0.6707024273276329,0.20466880235821008,0.4660336273908615,0.0005000000000000003,5.907366456985474,0.8559443330764771,0.027991786003112792
4625,1,0.7402454820275307,0.2241747049987316,0.5160707771778107,0.0005000000000000003,7.071113090515137,0.9133984375,0.05767241954803467
4650,1,0.6916847822070121,0.20011323608458043,0.4915715456008911,0.0005000000000000003,6.603412671089172,0.9009069108963013,0.049505848884582516
4675,1,0.701621626317501,0.21693375825881958,0.4846878682076931,0.0005000000000000003,5.8600759267807,0.8672378206253052,-0.12939234733581542
4700,1,0.7743083024024964,0.23470006935298443,0.5396082325279713,0.0005000000000000003,6.669915761947632,0.8556838464736939,-0.12110799312591553
4725,1,0.7216198796033859,0.20937311872839928,0.5122467605769634,0.0005000000000000003,6.494564824104309,0.8776750135421753,0.06381284713745117
4750,1,0.6510649448633195,0.19392717752605676,0.45713776990771293,0.0005000000000000003,5.6770170259475705,1.0034138011932372,0.20465341567993164
4775,1,0.713245969414711,0.21411293484270572,0.4991330309212208,0.0005000000000000003,6.140828127861023,0.950764446258545,0.16945996284484863
4800,1,0.7484480991959572,0.21746045123785734,0.5309876416623592,0.0005000000000000003,6.217507448196411,0.8389650106430053,0.16911643981933594
4825,1,0.7429861816763877,0.22389872752130033,0.5190874481201172,0.0005000000000000003,6.526667666435242,0.8359532642364502,0.3398649835586548
4850,1,0.7187647861242294,0.2182813722640276,0.5004834106564522,0.0005000000000000003,6.09409234046936,0.8448533391952515,0.1994558334350586
4875,1,0.6707946740090847,0.19495174894109368,0.4758429250121117,0.0005000000000000003,5.264833636283875,0.800919976234436,0.16756875514984132
4900,1,0.6191113932430744,0.19855976225808264,0.42055163115262983,0.0005000000000000003,6.109729242324829,0.7851931810379028,0.01840364933013916
4925,1,0.6623483204841614,0.20844749350100755,0.4539008314907551,0.0005000000000000003,6.58672146320343,0.9110927152633667,-0.08976431369781494
4950,1,0.7321084928512573,0.2041931823641062,0.5279153157770634,0.0005000000000000003,5.942407364845276,0.8943983554840088,0.05866511821746826
4975,1,0.6987229067087174,0.19872359480708837,0.4999993133544922,0.0005000000000000003,5.756320533752441,0.7523391914367675,0.02650355339050293
5000,1,0.7304148852825165,0.2104196123033762,0.5199952748417854,0.0005000000000000003,5.9922489738464355,0.8050962924957276,0.02862764835357666
5025,1,0.7530768492817879,0.20808206632733345,0.5449947866797448,0.0005000000000000003,5.633474359512329,0.9071541786193847,0.04869694709777832
5050,1,0.6634259325265884,0.19378707490861416,0.46963886022567747,0.0005000000000000003,5.240839576721191,0.9688820123672486,0.19092910289764403
5075,1,0.6559128245711326,0.2035203731805086,0.4523924496769905,0.0005000000000000003,5.509717121124267,1.0533977699279786,0.17608388423919677
5100,1,0.6402593430876732,0.20772023651748894,0.432539105117321,0.0005000000000000003,5.667039442062378,1.0092844867706299,0.034369950294494626
5125,1,0.6787662339210511,0.21059185821563006,0.4681743784248829,0.0005000000000000003,5.510203824043274,1.0098954105377198,0.20567068099975586
5150,1,0.7782337245345116,0.2249275391176343,0.5533061863481998,0.0005000000000000003,5.7070959949493405,1.0009406185150147,0.20424946308135986
5175,1,0.7037936538457871,0.20980451349169016,0.4939891427755356,0.0005000000000000003,5.723398740291596,0.8866666793823242,0.0300738000869751
5200,1,0.6856244200468063,0.20994267739355565,0.4756817436218262,0.0005000000000000003,5.609484312534332,0.8719233703613282,0.1710561227798462
5225,1,0.7666015461087227,0.21865961015224455,0.5479419347643852,0.0005000000000000003,6.090368943214417,1.1473687267303467,0.20267600536346436
5250,1,0.7512020960450172,0.20489931102842093,0.5463027855753899,0.0005000000000000003,6.206001191139221,1.0206207942962646,-0.08760517597198486
5275,1,0.7109560403227806,0.20733596686273814,0.5036200696229934,0.0005000000000000003,5.852942924499512,0.7035956144332886,-0.2713813495635986
5300,1,0.7471335756778718,0.2318056145682931,0.5153279533982277,0.0005000000000000003,6.580539307594299,0.7955598545074463,-0.1324164581298828
5325,1,0.7997307875752449,0.24384391810745001,0.5558868634700775,0.0005000000000000003,7.042401943206787,0.8494886684417725,0.04960154056549072
5350,1,0.7423486563563347,0.22165203876793385,0.5206966122984886,0.0005000000000000003,6.218253331184387,0.8207589244842529,0.058732032775878906
5375,1,0.7031127110123634,0.1927607721462846,0.5103519335389137,0.0005000000000000003,6.101677737236023,0.7760225629806519,0.027069540023803712
5400,1,0.7636230725049973,0.19979784581810237,0.5638252246379852,0.0005000000000000003,6.424411683082581,0.7981313180923462,0.016858057975769045
5425,1,0.6856602534651757,0.1929304164648056,0.4927298402786255,0.0005000000000000003,5.476176333427429,0.8218982410430908,0.18858339309692382
5450,1,0.6821305826306343,0.18452821265906094,0.4976023742556572,0.0005000000000000003,5.170096905231476,0.828719744682312,0.33971104145050046
5475,1,0.8748864150047302,0.20938303504139186,0.6655033785104751,0.0005000000000000003,6.356871626377106,0.8571129465103149,0.16876693248748778
5500,1,0.8783815763890743,0.2222737478092313,0.6561078298091888,0.0005000000000000003,6.762673225402832,0.8147859144210815,0.027740817070007324
5525,1,0.728433488458395,0.21332235906273125,0.515111131966114,0.0005000000000000003,5.794812450408935,0.8131220579147339,-0.09373376369476319
5550,1,0.7167706015706062,0.2073054875433445,0.5094651156663894,0.0005000000000000003,5.92827600479126,0.8493445014953613,-0.09338936805725098
5575,1,0.7913914996385575,0.21247590389102697,0.5789155980944634,0.0005000000000000003,6.423225150108338,0.7673817682266235,0.02732585906982422
5600,1,0.7447780478000641,0.20055918965488673,0.5442188555002212,0.0005000000000000003,6.331345586776734,0.7728256845474243,0.028128185272216798
5625,1,0.7082854595780372,0.20358015447854996,0.5047052983939647,0.0005000000000000003,6.120595860481262,0.8248796081542968,0.20390509128570555
5650,1,0.7136181446909905,0.21531429819762707,0.4983038392663002,0.0005000000000000003,6.116588215827942,0.8196221780776978,0.20338201999664307
5675,1,0.6838695281744003,0.2082633037865162,0.4756062190234661,0.0005000000000000003,6.522050604820252,0.7574834251403808,0.02826178550720215
5700,1,0.8050145214796066,0.22454071789979935,0.5804737997055054,0.0005000000000000003,6.922762155532837,0.7284429407119751,0.029220647811889648
5725,1,0.835990172624588,0.25604132771492005,0.5799488449096679,0.0005000000000000003,7.598640422821045,0.7999944591522217,0.05430722236633301
5750,1,0.764696810245514,0.25781113240867853,0.5068856805562973,0.0005000000000000003,7.206117181777954,0.8449703025817871,0.05513826370239258
5775,1,0.7850889480113983,0.2317028084769845,0.5533861361443997,0.0005000000000000003,6.074871764183045,0.9301516199111939,0.034084010124206546
5800,1,0.7906370109319687,0.22629394792020321,0.5643430574238301,0.0005000000000000003,6.241156229972839,1.0524485969543458,0.036222825050354006
5825,1,0.7903215658664703,0.21438488952815532,0.5759366792440415,0.0005000000000000003,6.348425526618957,1.0395978450775147,0.06712743282318115
5850,1,0.7770827546715736,0.21810151815414427,0.5589812391996384,0.0005000000000000003,6.341696557998657,0.9488580417633057,0.0653221082687378
5875,1,0.7273159417510032,0.22358690142631532,0.5037290421128273,0.0005000000000000003,6.602715368270874,0.92268470287323,0.031827969551086424
5900,1,0.7016364914178849,0.19798796117305756,0.5036485317349434,0.0005000000000000003,6.294652199745178,0.9458762979507447,0.03212397575378418
5925,1,0.7447432801127434,0.22137978710234166,0.5233634954690933,0.0005000000000000003,6.657992339134216,0.9586803245544434,0.06750940322875977
5950,1,0.7974174523353577,0.25148945748806,0.5459279927611351,0.0005000000000000003,6.821704058647156,0.9697784996032714,-0.08416999340057373
5975,1,0.7886024260520935,0.22666030511260032,0.5619421172142028,0.0005000000000000003,6.455446352958679,1.022451491355896,-0.1189061975479126
6000,1,0.6853514313697815,0.19174482084810734,0.4936066123843193,0.0005000000000000003,5.776782355308533,0.9499034786224365,0.03155520915985108
6025,1,0.6847004628181458,0.2065618745982647,0.47813859045505525,0.0005000000000000003,5.561204986572266,0.977001690864563,0.19902093410491944
6050,1,0.7520877760648728,0.2209124544262886,0.5311753267049789,0.0005000000000000003,5.692744407653809,0.8424916362762451,0.04862404823303223
6075,1,0.7050391885638237,0.20458393901586533,0.5004552528262138,0.0005000000000000003,5.617433519363403,0.6956110858917236,-0.11990046501159668
6100,1,0.6502264174818992,0.19486223820596935,0.4553641799092293,0.0005000000000000003,5.756339926719665,0.831222858428955,0.03194332599639892
6125,1,0.7000319817662239,0.2029816811904311,0.4970502980053425,0.0005000000000000003,5.96922200679779,0.9053332853317261,0.20804162502288817
6150,1,0.7154008921980858,0.2065872699022293,0.5088136178255082,0.0005000000000000003,6.110468959808349,0.9621430158615112,0.05701425075531006
6175,1,0.709080021083355,0.21537738487124444,0.4937026393413544,0.0005000000000000003,6.04720935344696,0.9380033826828003,-0.1178959321975708
6200,1,0.7172984647750854,0.21128681473433972,0.5060116547346115,0.0005000000000000003,6.026654505729676,0.9720078229904174,0.035829591751098636
6225,1,0.6873432350158691,0.1923432568460703,0.4949999816715717,0.0005000000000000003,5.4918052148818965,0.9695861673355103,0.2056843852996826
6250,1,0.6520518526434899,0.19121653839945793,0.46083531618118284,0.0005000000000000003,5.470073766708374,0.936364073753357,0.20307737350463867
6275,1,0.6492955040931702,0.177678778860718,0.4716167226433754,0.0005000000000000003,5.740614042282105,0.9470370101928711,0.03213292121887207
6300,1,0.7092081482708454,0.20308711035177113,0.5061210376024247,0.0005000000000000003,5.841823210716248,0.9235809373855591,0.031205964088439942
6325,1,0.8152206701040268,0.2495098421163857,0.5657108320295811,0.0005000000000000003,6.442636346817016,697.2319326734543,142.2170656442642
6350,1,0.8505506779253483,0.2566326589696109,0.5939180205762387,0.0005000000000000003,7.048537068367004,697.6031565475464,142.22461817741393
6375,1,0.7139180785417557,0.232602284476161,0.48131579130887986,0.0005000000000000003,6.294505167007446,1.0405182027816773,0.03693201541900635
6400,1,0.721026928126812,0.20724440835416316,0.5137825164198876,0.0005000000000000003,5.629242873191833,0.52491201877594,0.02661348819732666
6425,1,0.766121786236763,0.1951804756000638,0.5709413063526153,0.0005000000000000003,6.203898649215699,0.6412637329101563,0.03550922870635986
