step,d_loss,g_loss,reconstruction_l1,stage,retained,cumulative_retained_axis
10,5.039973735809326,-0.5982277989387512,0.05484139174222946,pilot,True,10
20,4.87319803237915,-0.13814759254455566,0.05252022296190262,pilot,True,20
30,5.134979248046875,-0.13299119472503662,0.06594477593898773,pilot,True,30
40,5.043372631072998,0.4293115735054016,0.047835346311330795,pilot,True,40
50,4.615408897399902,-0.4136020541191101,0.05497058853507042,pilot,True,50
60,3.9034109115600586,0.39789146184921265,0.05873895809054375,pilot,True,60
70,3.593428611755371,0.4121648669242859,0.059105284512043,pilot,True,70
80,3.479069471359253,-0.5113502740859985,0.053702306002378464,pilot,True,80
90,3.1408514976501465,0.741399884223938,0.05166862532496452,pilot,True,90
100,2.89039945602417,0.5525414943695068,0.038494452834129333,pilot,True,100
110,0.7908083200454712,1.9536839723587036,0.071366086602211,pilot,True,110
120,0.9193999171257019,0.712740421295166,0.049123555421829224,pilot,True,120
130,0.9051501750946045,-0.2661120295524597,0.06266941130161285,pilot,True,130
140,0.7425715923309326,0.6535570621490479,0.05299783870577812,pilot,True,140
150,-0.04057827591896057,-0.545147716999054,0.05318151041865349,pilot,True,150
160,0.1633104383945465,0.4681498110294342,0.05521129071712494,pilot,True,160
170,1.3422809839248657,-0.7303723692893982,0.05396994948387146,pilot,True,170
180,0.19174359738826752,0.6087096929550171,0.0435619130730629,pilot,True,180
190,-0.2917829751968384,-0.13308650255203247,0.0534975491464138,pilot,True,190
200,-0.8333921432495117,0.5054686069488525,0.04469813033938408,pilot,True,200
50,2.951345443725586,-1.2321083545684814,0.0548960380256176,expanded_interrupted,True,250
100,1.3027424812316895,-0.3207074999809265,0.04292946308851242,expanded_interrupted,True,300
150,0.32917314767837524,-1.0276539325714111,0.05455605313181877,expanded_interrupted,True,350
200,0.21235159039497375,-1.187544345855713,0.04811982065439224,expanded_interrupted,True,400
250,-0.23056520521640778,-0.8060306310653687,0.05528193712234497,expanded_interrupted,True,450
300,1.141912579536438,-0.6265889406204224,0.049636926501989365,expanded_interrupted,True,500
350,0.011610470712184906,-0.3244902193546295,0.04487787187099457,expanded_interrupted,True,550
400,1.0236033201217651,-0.24775969982147217,0.04650306701660156,expanded_interrupted,True,600
450,0.47016578912734985,-0.32696205377578735,0.03215564042329788,expanded_interrupted,True,650
500,0.09218008816242218,-0.15132254362106323,0.06434096395969391,expanded_interrupted,True,700
550,0.9754775166511536,-0.30561530590057373,0.05006585642695427,expanded_interrupted,False,750
600,0.06029226630926132,-0.5620567798614502,0.04640556499361992,expanded_interrupted,False,800
650,0.18869170546531677,-0.14071863889694214,0.0457918718457222,expanded_interrupted,False,850
50,0.7277809977531433,0.12910741567611694,0.05211874470114708,resumed_seed43,True,750
100,0.37197771668434143,-0.6116149425506592,0.036287821829319,resumed_seed43,True,800
150,0.6182140707969666,-0.6093542575836182,0.048659756779670715,resumed_seed43,True,850
200,0.5279228091239929,-0.464465856552124,0.0573597326874733,resumed_seed43,True,900
250,-0.019860029220581055,-0.4982028007507324,0.03992409259080887,resumed_seed43,True,950
300,-0.529140830039978,0.5592121481895447,0.049406614154577255,resumed_seed43,True,1000
350,-0.32412269711494446,-0.9476722478866577,0.04370075464248657,resumed_seed43,True,1050
400,0.2813616693019867,-0.46692559123039246,0.045361366122961044,resumed_seed43,True,1100
450,0.09857238829135895,-0.11097660660743713,0.04103448614478111,resumed_seed43,True,1150
500,0.20017454028129578,0.028761088848114014,0.059519462287425995,resumed_seed43,True,1200
